year,archive,library,original_member_path,category_tags,primary_category,review_category,selected_relative_path,bytes,sha256,decision_reason,dedupe_of
2015,sonniss.zip,Coll Anderson - Deer,Coll Anderson - Deer/EFX INT Leg skinning 01 B.wav,creatures_wildlife,World,World,Assets/ThirdParty/Sonniss/NeedsReview/World/2015/Coll Anderson - Deer-7ec268/EFX INT Leg skinning 01 B.wav,4521516,8cf609086643c8742d6c109cf00b2267d3206718f001b3051cb4571ef28a1483,visceral/gore content held pending owner preference,
2015,sonniss.zip,Coll Anderson - Deer,Coll Anderson - Deer/EFX INT Blood spurt on carcass 01 B.wav,creatures_wildlife,World,World,Assets/ThirdParty/Sonniss/NeedsReview/World/2015/Coll Anderson - Deer-7ec268/EFX INT Blood spurt on carcass 01 B.wav,5542796,c6ef3738727e1aa8811e893924777926302b1a873f1fe1437701aec9b1882f04,visceral/gore content held pending owner preference,
2015,sonniss.zip,Coll Anderson - Deer,Coll Anderson - Deer/EFX INT Skil saw on carcass 01 B.wav,creatures_wildlife,World,World,Assets/ThirdParty/Sonniss/NeedsReview/World/2015/Coll Anderson - Deer-7ec268/EFX INT Skil saw on carcass 01 B.wav,9471228,73fcd0cec95ca83e26e8cf26410314b8835794276b6028229ebc3f92b051ea4d,visceral/gore content held pending owner preference,
2015,sonniss.zip,Coll Anderson - Deer,Coll Anderson - Deer/EFX INT Full Skin pull 01 C.wav,creatures_wildlife,World,World,Assets/ThirdParty/Sonniss/NeedsReview/World/2015/Coll Anderson - Deer-7ec268/EFX INT Full Skin pull 01 C.wav,8425292,599c75f8d19b968c7abede3f105a20a615ec80e34690a751d2b8fdcaea7ed5a4,visceral/gore content held pending owner preference,
2015,sonniss.zip,Coll Anderson - Gore,Coll Anderson - Gore/EFX SD Organic Gore Russle 05 B.M.wav,,Hold/Gore,VisceralGore,Assets/ThirdParty/Sonniss/NeedsReview/VisceralGore/2015/Coll Anderson - Gore-483763/EFX SD Organic Gore Russle 05 B.M.wav,3288444,aa9d6d8c1bcc5e10e8cd719454e1922703540ba07fcb245dbd32434d72fb78b2,visceral/gore pack held for owner preference,
2015,sonniss.zip,Coll Anderson - Gore,Coll Anderson - Gore/EFX SD GORE Fast Rip 01 B.M.wav,,Hold/Gore,VisceralGore,Assets/ThirdParty/Sonniss/NeedsReview/VisceralGore/2015/Coll Anderson - Gore-483763/EFX SD GORE Fast Rip 01 B.M.wav,2655532,9a09d43d71c7839bb7db18edd9799495f025e9ed35bca2571d00c5987eb781c2,visceral/gore pack held for owner preference,
2015,sonniss.zip,Coll Anderson - Gore,Coll Anderson - Gore/EFX SD GORE Snap 05 C.M.wav,,Hold/Gore,VisceralGore,Assets/ThirdParty/Sonniss/NeedsReview/VisceralGore/2015/Coll Anderson - Gore-483763/EFX SD GORE Snap 05 C.M.wav,978268,8ee3ae37de8e369785f90982445d87f955e404d544832cbc18be076a74ed9d59,visceral/gore pack held for owner preference,
2015,sonniss.zip,Coll Anderson - Gore,Coll Anderson - Gore/EFX SD GORE Flesh Pry 05 C.M.wav,,Hold/Gore,VisceralGore,Assets/ThirdParty/Sonniss/NeedsReview/VisceralGore/2015/Coll Anderson - Gore-483763/EFX SD GORE Flesh Pry 05 C.M.wav,485660,8914c350bf314baf34902f1264d4a947738117133dc16bb99c667d1bd0ca409e,visceral/gore pack held for owner preference,
2015,sonniss.zip,Coll Anderson - Gore,Coll Anderson - Gore/EFX SD Flesh Pry Gristle 05.wav,,Hold/Gore,VisceralGore,Assets/ThirdParty/Sonniss/NeedsReview/VisceralGore/2015/Coll Anderson - Gore-483763/EFX SD Flesh Pry Gristle 05.wav,1244924,7b04f601cfe712a402492b71488e66029acf7b5f9ccf7f90a444e9e27e6fdb43,visceral/gore pack held for owner preference,
2015,sonniss.zip,Coll Anderson - Gore,Coll Anderson - Gore/EFX SD GORE Chop 02 C.M.wav,survival_crafting,Hold/Gore,VisceralGore,Assets/ThirdParty/Sonniss/NeedsReview/VisceralGore/2015/Coll Anderson - Gore-483763/EFX SD GORE Chop 02 C.M.wav,778172,e5fa8b36b3c7a2f3663a0b4f1ebfe7f5f50781fead2e57197d3d0bb1a7463c84,visceral/gore pack held for owner preference,
2015,sonniss.zip,Coll Anderson - Gore,Coll Anderson - Gore/EFX SD GORE Punch 02 B.M.wav,combat,Hold/Gore,VisceralGore,Assets/ThirdParty/Sonniss/NeedsReview/VisceralGore/2015/Coll Anderson - Gore-483763/EFX SD GORE Punch 02 B.M.wav,904508,cf6585bd00ef3da4efc4e69c00b0be24d7a4b1c502ec5ef0e098eff5b0dea377,visceral/gore pack held for owner preference,
2015,sonniss.zip,Mattia Cellotto - The Borax Experiment,"Mattia Cellotto - The Borax Experiment/Borax,Impact,Slime,Gore,Various22.wav",combat,Combat,Combat,"Assets/ThirdParty/Sonniss/NeedsReview/Combat/2015/Mattia Cellotto - The Borax Expe-729f48/Borax,Impact,Slime,Gore,Various22.wav",1142812,7b6236191da949c75ae85247f5c4c31e18c95b9f681576371c5ee8e62132d220,visceral/gore content held pending owner preference,
2015,sonniss.zip,Mattia Cellotto - The Borax Experiment,"Mattia Cellotto - The Borax Experiment/Gore,Slime,Creature,Meat,Blood,Short,Movement,Various13.wav","creatures_wildlife,survival_crafting,movement_foley",Creatures,Creatures,"Assets/ThirdParty/Sonniss/NeedsReview/Creatures/2015/Mattia Cellotto - The Borax Expe-729f48/Gore,Slime,Creature,Meat,Blood,Short,Movement,Various13.wav",693884,bf72d2986abdf626f658ffbdc03576749dcb6ca43fd4c859ae2306ea0ac47629,visceral/gore content held pending owner preference,
2015,sonniss.zip,Mattia Cellotto - The Borax Experiment,"Mattia Cellotto - The Borax Experiment/Borax,Impact,Slime,Gore,Various16.wav",combat,Combat,Combat,"Assets/ThirdParty/Sonniss/NeedsReview/Combat/2015/Mattia Cellotto - The Borax Expe-729f48/Borax,Impact,Slime,Gore,Various16.wav",607596,7ed1e1ffb2e5201f47c72032566a6138c75d00269f19df45e5082b6b19636583,visceral/gore content held pending owner preference,
2015,sonniss.zip,Mattia Cellotto - The Borax Experiment,"Mattia Cellotto - The Borax Experiment/Borax,Impact,Slime,Gore,Various63.wav",combat,Combat,Combat,"Assets/ThirdParty/Sonniss/NeedsReview/Combat/2015/Mattia Cellotto - The Borax Expe-729f48/Borax,Impact,Slime,Gore,Various63.wav",1185884,1511071eae9d4f629777cebabc5a26c71c9feb95038f7a38418f41d350cf73a1,visceral/gore content held pending owner preference,
2015,sonniss.zip,Mattia Cellotto - The Borax Experiment,"Mattia Cellotto - The Borax Experiment/Gore,Slime,Creature,Meat,Blood,Short,Movement,Various45.wav","creatures_wildlife,survival_crafting,movement_foley",Creatures,Creatures,"Assets/ThirdParty/Sonniss/NeedsReview/Creatures/2015/Mattia Cellotto - The Borax Expe-729f48/Gore,Slime,Creature,Meat,Blood,Short,Movement,Various45.wav",721564,af99c95354cdad853585b05b7f4f5fdb7d8d4d667e53eb504e556725deb29c4f,visceral/gore content held pending owner preference,
2015,sonniss.zip,Mattia Cellotto - The Borax Experiment,"Mattia Cellotto - The Borax Experiment/Gore,Slime,Creature,Meat,Blood,Medium,Movement,Various09.wav","creatures_wildlife,survival_crafting,movement_foley",Creatures,Creatures,"Assets/ThirdParty/Sonniss/NeedsReview/Creatures/2015/Mattia Cellotto - The Borax Expe-729f48/Gore,Slime,Creature,Meat,Blood,Medium,Movement,Various09.wav",1093772,48634b23e89f69dc8a1b151f64fb396e44940b30db571b4afd12917a6bb00236,visceral/gore content held pending owner preference,
2015,sonniss.zip,Mattia Cellotto - The Borax Experiment,"Mattia Cellotto - The Borax Experiment/Gore,Slime,Creature,Meat,Blood,Long,Movement,Various19.wav","creatures_wildlife,survival_crafting,movement_foley",Creatures,Creatures,"Assets/ThirdParty/Sonniss/NeedsReview/Creatures/2015/Mattia Cellotto - The Borax Expe-729f48/Gore,Slime,Creature,Meat,Blood,Long,Movement,Various19.wav",1702780,725c62d4a8791e8ab09809d51d4bf850c9613fb5ff4fb3bbf0c361cff068d5cd,visceral/gore content held pending owner preference,
2015,sonniss.zip,Mattia Cellotto - The Borax Experiment,"Mattia Cellotto - The Borax Experiment/Borax,Impact,Slime,Gore,Various05.wav",combat,Combat,Combat,"Assets/ThirdParty/Sonniss/NeedsReview/Combat/2015/Mattia Cellotto - The Borax Expe-729f48/Borax,Impact,Slime,Gore,Various05.wav",450700,3e9792454cbbec5199c3612da2ec36543e41ec0c902784f889534ecfffbebeee,visceral/gore content held pending owner preference,
2015,sonniss.zip,Mattia Cellotto - The Borax Experiment,"Mattia Cellotto - The Borax Experiment/Gore,Slime,Creature,Meat,Blood,Short,Movement,Various56.wav","creatures_wildlife,survival_crafting,movement_foley",Creatures,Creatures,"Assets/ThirdParty/Sonniss/NeedsReview/Creatures/2015/Mattia Cellotto - The Borax Expe-729f48/Gore,Slime,Creature,Meat,Blood,Short,Movement,Various56.wav",721564,9c1d8643467e2f5b4196fe53d23398a690adf7efa18d62e569f3668979a31eff,visceral/gore content held pending owner preference,
2015,sonniss.zip,Mattia Cellotto - The Borax Experiment,"Mattia Cellotto - The Borax Experiment/Jelly,Movement,Gore,Liquid,Splat,Impact,Slime,Various09.wav","combat,movement_foley,ui_feedback",UI,UI,"Assets/ThirdParty/Sonniss/NeedsReview/UI/2015/Mattia Cellotto - The Borax Expe-729f48/Jelly,Movement,Gore,Liquid,Splat,Impact,Slime,Various09.wav",364732,39ef492375854f47f4aeafde821f76bed7d40cf2a0e39730c065859613f42d21,visceral/gore content held pending owner preference,
2015,sonniss.zip,Membrans - Bone Crackings Sound Pack 01,Membrans - Bone Crackings Sound Pack 01/Bone Cracking 18.wav,,Hold/Gore,VisceralGore,Assets/ThirdParty/Sonniss/NeedsReview/VisceralGore/2015/Membrans - Bone Crackings Sound-3e4f23/Bone Cracking 18.wav,277066,cbf22510e53ef2708667f42545f512c9372d2b2248cd7c1a0f8457173d1696e8,visceral/gore pack held for owner preference,
2015,sonniss.zip,Membrans - Bone Crackings Sound Pack 01,Membrans - Bone Crackings Sound Pack 01/Bone Cracking 34.wav,,Hold/Gore,VisceralGore,Assets/ThirdParty/Sonniss/NeedsReview/VisceralGore/2015/Membrans - Bone Crackings Sound-3e4f23/Bone Cracking 34.wav,458008,915bcf97ef26ed1a648a48f4fcd45ba528f47b1f1f08e9b1e2cdbe3d26371fcb,visceral/gore pack held for owner preference,
2015,sonniss.zip,RDGSFX007 - Rips and Tears v.2,RDGSFX007 - Rips and Tears v.2/RIPS AND TEARS Paper Bag Rips 05.wav,survival_crafting,Hold/Gore,VisceralGore,Assets/ThirdParty/Sonniss/NeedsReview/VisceralGore/2015/RDGSFX007 - Rips and Tears v.2-f89012/RIPS AND TEARS Paper Bag Rips 05.wav,9191228,09add4b800d5978289059b2bdcc2ecd0705c53c3677e8aa95a461eaa285f25b2,visceral/gore pack held for owner preference,
2015,sonniss.zip,RDGSFX007 - Rips and Tears v.2,RDGSFX007 - Rips and Tears v.2/RIPS AND TEARS Cardboard Rip 04.wav,creatures_wildlife,Hold/Gore,VisceralGore,Assets/ThirdParty/Sonniss/NeedsReview/VisceralGore/2015/RDGSFX007 - Rips and Tears v.2-f89012/RIPS AND TEARS Cardboard Rip 04.wav,7320860,15666045347b27fb04e6bb70f0cd4e3ac64bae0b16e7f0118c05559934007150,visceral/gore pack held for owner preference,
2015,sonniss.zip,RDGSFX007 - Rips and Tears v.2,RDGSFX007 - Rips and Tears v.2/RIPS AND TEARS Craft Paper Rip 02.wav,survival_crafting,Hold/Gore,VisceralGore,Assets/ThirdParty/Sonniss/NeedsReview/VisceralGore/2015/RDGSFX007 - Rips and Tears v.2-f89012/RIPS AND TEARS Craft Paper Rip 02.wav,8566716,42889d50ccbcf7ddd6a62466653f8da00a3b8bfc5ef7668566af305a249649a0,visceral/gore pack held for owner preference,
2015,sonniss.zip,RDGSFX007 - Rips and Tears v.2,RDGSFX007 - Rips and Tears v.2/RIPS AND TEARS Carpet Tear 02.wav,,Hold/Gore,VisceralGore,Assets/ThirdParty/Sonniss/NeedsReview/VisceralGore/2015/RDGSFX007 - Rips and Tears v.2-f89012/RIPS AND TEARS Carpet Tear 02.wav,6290412,09a79657b9f1c1159e217fbf861bb719e6c7d45d3d73e49e61413ca805d53ad0,visceral/gore pack held for owner preference,
2015,sonniss.zip,RDGSFX007 - Rips and Tears v.2,RDGSFX007 - Rips and Tears v.2/RIPS AND TEARS DESIGNED Humanoid Guts 04.wav,,Hold/Gore,VisceralGore,Assets/ThirdParty/Sonniss/NeedsReview/VisceralGore/2015/RDGSFX007 - Rips and Tears v.2-f89012/RIPS AND TEARS DESIGNED Humanoid Guts 04.wav,1996140,cf0a64d08b1303946ebe3ad42ab00801761d8ee60baf2053c8893ee196eb0553,visceral/gore pack held for owner preference,
2015,sonniss.zip,RDGSFX007 - Rips and Tears v.2,RDGSFX007 - Rips and Tears v.2/RIPS AND TEARS Bread Tear 05.wav,,Hold/Gore,VisceralGore,Assets/ThirdParty/Sonniss/NeedsReview/VisceralGore/2015/RDGSFX007 - Rips and Tears v.2-f89012/RIPS AND TEARS Bread Tear 05.wav,8738876,526d88efdb3dd96c0e18ce0834b9ee5e8ec50468dee3212290338296b731a583,visceral/gore pack held for owner preference,
2015,sonniss.zip,RDGSFX007 - Rips and Tears v.2,RDGSFX007 - Rips and Tears v.2/RIPS AND TEARS T-Shirt Rip 02.wav,,Hold/Gore,VisceralGore,Assets/ThirdParty/Sonniss/NeedsReview/VisceralGore/2015/RDGSFX007 - Rips and Tears v.2-f89012/RIPS AND TEARS T-Shirt Rip 02.wav,10372268,1a4b97ea8f8a6efc13db9b2573dd62b467f4e5f7cf1797f4057eb427cd2e18b7,visceral/gore pack held for owner preference,
2015,sonniss.zip,RDGSFX007 - Rips and Tears v.2,RDGSFX007 - Rips and Tears v.2/RIPS AND TEARS Large Envelope Rips CNTCT 06.wav,,Hold/Gore,VisceralGore,Assets/ThirdParty/Sonniss/NeedsReview/VisceralGore/2015/RDGSFX007 - Rips and Tears v.2-f89012/RIPS AND TEARS Large Envelope Rips CNTCT 06.wav,10545052,310a7b578ad117085049075bd0e7df3c8f9806e4f6ac64329ce746ded57da72f,visceral/gore pack held for owner preference,
2015,sonniss.zip,RDGSFX007 - Rips and Tears v.2,RDGSFX007 - Rips and Tears v.2/RIPS AND TEARS DESIGNED Robot Arm Rotation.wav,,Hold/Gore,VisceralGore,Assets/ThirdParty/Sonniss/NeedsReview/VisceralGore/2015/RDGSFX007 - Rips and Tears v.2-f89012/RIPS AND TEARS DESIGNED Robot Arm Rotation.wav,3303484,630ac0b315d7a7a32a393b6960bc6a6cab0bc816d3b6ad316a31fb6078d00c98,visceral/gore pack held for owner preference,
2015,sonniss.zip,RDGSFX007 - Rips and Tears v.2,RDGSFX007 - Rips and Tears v.2/RIPS AND TEARS Foam Board Rip 05.wav,creatures_wildlife,Hold/Gore,VisceralGore,Assets/ThirdParty/Sonniss/NeedsReview/VisceralGore/2015/RDGSFX007 - Rips and Tears v.2-f89012/RIPS AND TEARS Foam Board Rip 05.wav,10421500,0b0f57e06f87ba34e825dfe6d943531e200e6ac0ddc77781cd2155f090a8a911,visceral/gore pack held for owner preference,
2015,sonniss.zip,SoundMorph - Bloody Nightmare,SoundMorph - Bloody Nightmare/Bloody Nightmare - Zenith Stingers_22.wav,world_ambience,Hold/Gore,VisceralGore,Assets/ThirdParty/Sonniss/NeedsReview/VisceralGore/2015/SoundMorph - Bloody Nightmare-774e94/Bloody Nightmare - Zenith Stingers_22.wav,7281212,1f50d2587fb64b384d4fbcab2c07236e2f136f014f0c1e3fcc6b2c5e9941186c,visceral/gore pack held for owner preference,
2015,sonniss.zip,SoundMorph - Bloody Nightmare,SoundMorph - Bloody Nightmare/Bloody Nightmare - Death Pacts_32.wav,"survival_crafting,world_ambience",Hold/Gore,VisceralGore,Assets/ThirdParty/Sonniss/NeedsReview/VisceralGore/2015/SoundMorph - Bloody Nightmare-774e94/Bloody Nightmare - Death Pacts_32.wav,7493484,8c03764f300dd9de06ecd3d8d82038e1b908a7aa383019260047fb32c7526e0f,visceral/gore pack held for owner preference,
2015,sonniss.zip,SoundMorph - Bloody Nightmare,SoundMorph - Bloody Nightmare/Bloody Nightmare - Horror Impacts - LFO Thunder.wav,"combat,world_ambience",Hold/Gore,VisceralGore,Assets/ThirdParty/Sonniss/NeedsReview/VisceralGore/2015/SoundMorph - Bloody Nightmare-774e94/Bloody Nightmare - Horror Impacts - LFO Thunder.wav,8644220,94746bb4e2a588dfb46f7e7cfa425d8a49ab71e2cba8fc2238e7113a1100ff6b,visceral/gore pack held for owner preference,
2015,sonniss.zip,SoundMorph - Bloody Nightmare,SoundMorph - Bloody Nightmare/Bloody Nightmare - Horror Impacts - Robotic Scream.wav,"combat,world_ambience",Hold/Gore,VisceralGore,Assets/ThirdParty/Sonniss/NeedsReview/VisceralGore/2015/SoundMorph - Bloody Nightmare-774e94/Bloody Nightmare - Horror Impacts - Robotic Scream.wav,8284396,c74d0daa2d61f384b31c8d62c6e82b52736f8db93950f94f13ea12674ec1e843,visceral/gore pack held for owner preference,
2015,sonniss.zip,SoundMorph - Bloody Nightmare,SoundMorph - Bloody Nightmare/Bloody Nightmare - Choppers_03.wav,"survival_crafting,world_ambience",Hold/Gore,VisceralGore,Assets/ThirdParty/Sonniss/NeedsReview/VisceralGore/2015/SoundMorph - Bloody Nightmare-774e94/Bloody Nightmare - Choppers_03.wav,5463852,9268e91614ef7c0f11dbfbbb523a912beafbab6c327292faf2b8cda1042a88b1,visceral/gore pack held for owner preference,
2015,sonniss.zip,Soundopolis - Gore Toolkit HD,Soundopolis - Gore Toolkit HD/Bloody_Squish_Fienup_CLASSIC_006.wav,"survival_crafting,ui_feedback",Hold/Gore,VisceralGore,Assets/ThirdParty/Sonniss/NeedsReview/VisceralGore/2015/Soundopolis - Gore Toolkit HD-a0e077/Bloody_Squish_Fienup_CLASSIC_006.wav,45878236,c2dc762d31f72598c3e16098dd89dc8ffc3e35e096e6895719977d0937983698,visceral/gore pack held for owner preference,
2015,sonniss.zip,Soundopolis - Gore Toolkit HD,Soundopolis - Gore Toolkit HD/Whoosh_Swing_Fishing Pole_Full_Fienup_CLASSIC_001.wav,"combat,survival_crafting",Hold/Gore,VisceralGore,Assets/ThirdParty/Sonniss/NeedsReview/VisceralGore/2015/Soundopolis - Gore Toolkit HD-a0e077/Whoosh_Swing_Fishing Pole_Full_Fienup_CLASSIC_001.wav,593228,086007df7e066f620fcdf24a9e297779e24aa50b3a5de14ff3929cc5a37be3b8,visceral/gore pack held for owner preference,
2015,sonniss.zip,Soundopolis - Gore Toolkit HD,Soundopolis - Gore Toolkit HD/Slice_Crunchy_Fienup_002.wav,"survival_crafting,world_ambience",Hold/Gore,VisceralGore,Assets/ThirdParty/Sonniss/NeedsReview/VisceralGore/2015/Soundopolis - Gore Toolkit HD-a0e077/Slice_Crunchy_Fienup_002.wav,1054060,fbd929c00e6fa747449c1cc4316e0f6caf9b169de8484ed0af32e69e2a5379be,visceral/gore pack held for owner preference,
2015,sonniss.zip,Soundopolis - Gore Toolkit HD,Soundopolis - Gore Toolkit HD/Punch_Spurt Blood_Fienup_001.wav,"combat,survival_crafting",Hold/Gore,VisceralGore,Assets/ThirdParty/Sonniss/NeedsReview/VisceralGore/2015/Soundopolis - Gore Toolkit HD-a0e077/Punch_Spurt Blood_Fienup_001.wav,335036,6abe00f2625a262c9cfc8281f8c83e3044f66db8ff65ae1ab5d4d7e54d0460ff,visceral/gore pack held for owner preference,
2015,sonniss.zip,Soundopolis - Gore Toolkit HD,Soundopolis - Gore Toolkit HD/Flesh_Cut_Watermelon_Fienup_CLASSIC_001.wav,"survival_crafting,world_ambience",Hold/Gore,VisceralGore,Assets/ThirdParty/Sonniss/NeedsReview/VisceralGore/2015/Soundopolis - Gore Toolkit HD-a0e077/Flesh_Cut_Watermelon_Fienup_CLASSIC_001.wav,5060652,c3de361f532224cf3f1943a0b878f0b4cea9c22987cf8df78446b2001e34f627,visceral/gore pack held for owner preference,
2015,sonniss.zip,Timothy McHugh - Gorification [HD],Timothy McHugh - Gorification [HD]/gore - large metal knife muted ring - 1.wav,survival_crafting,Hold/Gore,VisceralGore,Assets/ThirdParty/Sonniss/NeedsReview/VisceralGore/2015/Timothy McHugh - Gorification [H-5daa2c/gore - large metal knife muted ring - 1.wav,494092,056eb8d42279c8e37d7d4769bdb8ad3fb0d96f7c7b5a935b9a895c086edccdce,visceral/gore pack held for owner preference,
2015,sonniss.zip,Timothy McHugh - Gorification [HD],Timothy McHugh - Gorification [HD]/gore - bone break wet juicy - hard - 2.wav,ui_feedback,Hold/Gore,VisceralGore,Assets/ThirdParty/Sonniss/NeedsReview/VisceralGore/2015/Timothy McHugh - Gorification [H-5daa2c/gore - bone break wet juicy - hard - 2.wav,327628,77190fefce8bb2b5029ffae72aa0878eacd71206a56e532cff2f19e8adeb47e4,visceral/gore pack held for owner preference,
2015,sonniss.zip,Timothy McHugh - Gorification [HD],Timothy McHugh - Gorification [HD]/gore - wood beating flesh wet blood splat - medium - 11.wav,survival_crafting,Hold/Gore,VisceralGore,Assets/ThirdParty/Sonniss/NeedsReview/VisceralGore/2015/Timothy McHugh - Gorification [H-5daa2c/gore - wood beating flesh wet blood splat - medium - 11.wav,423452,102ee7d3f513fc50849a4dc2d03854bfd7359a7a187dbaa0a8eb4034f560f524,visceral/gore pack held for owner preference,
2015,sonniss.zip,Timothy McHugh - Gorification [HD],Timothy McHugh - Gorification [HD]/gore - medium metal blade wet impact in to flesh and removed - 6.wav,"combat,survival_crafting",Hold/Gore,VisceralGore,Assets/ThirdParty/Sonniss/NeedsReview/VisceralGore/2015/Timothy McHugh - Gorification [H-5daa2c/gore - medium metal blade wet impact in to flesh and removed - 6.wav,461132,c5c4dad45b65f3ac0cfb0ee217125482e730f46246f050ef924324fa6bbdc61a,visceral/gore pack held for owner preference,
2015,sonniss.zip,Timothy McHugh - Gorification [HD],Timothy McHugh - Gorification [HD]/gore - wood beating flesh wet blood splat - soft - 4.wav,survival_crafting,Hold/Gore,VisceralGore,Assets/ThirdParty/Sonniss/NeedsReview/VisceralGore/2015/Timothy McHugh - Gorification [H-5daa2c/gore - wood beating flesh wet blood splat - soft - 4.wav,474204,299cd3093d7e9492dc0cadf376f63999510159bb46372d9532d3753bb3380844,visceral/gore pack held for owner preference,
2015,sonniss.zip,Timothy McHugh - Gorification [HD],Timothy McHugh - Gorification [HD]/gore - metal knife swing - 4.wav,"combat,survival_crafting",Hold/Gore,VisceralGore,Assets/ThirdParty/Sonniss/NeedsReview/VisceralGore/2015/Timothy McHugh - Gorification [H-5daa2c/gore - metal knife swing - 4.wav,185724,a16f20c2f63600dd4bf5428653ab2a287f7ad09dea56e4d282b0dadb6cc2077e,visceral/gore pack held for owner preference,
2015,sonniss.zip,Timothy McHugh - Gorification [HD],Timothy McHugh - Gorification [HD]/gore - wood beating flesh wet blood splat - soft - 14.wav,survival_crafting,Hold/Gore,VisceralGore,Assets/ThirdParty/Sonniss/NeedsReview/VisceralGore/2015/Timothy McHugh - Gorification [H-5daa2c/gore - wood beating flesh wet blood splat - soft - 14.wav,306348,782af6d70cac67683382b6de0d638b0ef287cfdfdcc04091f4abf06c9aaeb4c2,visceral/gore pack held for owner preference,
2015,sonniss.zip,Timothy McHugh - Gorification [HD],Timothy McHugh - Gorification [HD]/gore - large metal blade wet stab slash and remove from flesh - medium - 14.wav,"combat,survival_crafting",Hold/Gore,VisceralGore,Assets/ThirdParty/Sonniss/NeedsReview/VisceralGore/2015/Timothy McHugh - Gorification [H-5daa2c/gore - large metal blade wet stab slash and remove from flesh - medium - 14.wav,308892,60397ab675a46a27aff597e2f0bcdb2665d174d5ec69a1409b54603b99774a6f,visceral/gore pack held for owner preference,
2015,sonniss.zip,Timothy McHugh - Gorification [HD],Timothy McHugh - Gorification [HD]/gore - large metal blade wet stab slash and remove from flesh - hard - 4.wav,"combat,survival_crafting",Hold/Gore,VisceralGore,Assets/ThirdParty/Sonniss/NeedsReview/VisceralGore/2015/Timothy McHugh - Gorification [H-5daa2c/gore - large metal blade wet stab slash and remove from flesh - hard - 4.wav,994140,0332a751e41e1449eac099900bd24251a81d9adcb4df3d0e831f25955acc0936,visceral/gore pack held for owner preference,
2015,sonniss.zip,Timothy McHugh - Gorification [HD],Timothy McHugh - Gorification [HD]/gore - metal knife swing - 5.wav,"combat,survival_crafting",Hold/Gore,VisceralGore,Assets/ThirdParty/Sonniss/NeedsReview/VisceralGore/2015/Timothy McHugh - Gorification [H-5daa2c/gore - metal knife swing - 5.wav,321260,68eb14d1e9828e54d8a40b7bf38dd5a1065bc0b2df67483566e998ac415e26e1,visceral/gore pack held for owner preference,
2015,sonniss.zip,Timothy McHugh - Gorification [HD],Timothy McHugh - Gorification [HD]/gore - flesh and bone crunch wet - hard - 4.wav,,Hold/Gore,VisceralGore,Assets/ThirdParty/Sonniss/NeedsReview/VisceralGore/2015/Timothy McHugh - Gorification [H-5daa2c/gore - flesh and bone crunch wet - hard - 4.wav,1351788,c0aa0cd42ecde6823e2621ffe9c21ee6a4c4e93b50a5295b726edcb4b7352551,visceral/gore pack held for owner preference,
2015,sonniss.zip,Timothy McHugh - Gorification [HD],Timothy McHugh - Gorification [HD]/gore - bone break and flesh tear dry - soft - 5.wav,,Hold/Gore,VisceralGore,Assets/ThirdParty/Sonniss/NeedsReview/VisceralGore/2015/Timothy McHugh - Gorification [H-5daa2c/gore - bone break and flesh tear dry - soft - 5.wav,404748,a654292a027c33d17d2e61a9ad998f11805e9c314e1cf8880c11740a9c131e80,visceral/gore pack held for owner preference,
2015,sonniss.zip,Timothy McHugh - Gorification [HD],Timothy McHugh - Gorification [HD]/gore - crunchy flesh impact and blood squirt - hard -  8.wav,"combat,ui_feedback",Hold/Gore,VisceralGore,Assets/ThirdParty/Sonniss/NeedsReview/VisceralGore/2015/Timothy McHugh - Gorification [H-5daa2c/gore - crunchy flesh impact and blood squirt - hard - 8.wav,447052,9ec0b4b4ce5bf788e80cf33b2567facfaef75f1fa7144dcc647201617f190ba1,visceral/gore pack held for owner preference,
2015,sonniss.zip,Timothy McHugh - Gorification [HD],Timothy McHugh - Gorification [HD]/gore - large metal knife muted ring - 34.wav,survival_crafting,Hold/Gore,VisceralGore,Assets/ThirdParty/Sonniss/NeedsReview/VisceralGore/2015/Timothy McHugh - Gorification [H-5daa2c/gore - large metal knife muted ring - 34.wav,173772,dc230d6348271a4fdc8b3dfa1a0fae4b69b6d8575e49f072e46aac169dece58f,visceral/gore pack held for owner preference,
2015,sonniss.zip,Timothy McHugh - Gorification [HD],Timothy McHugh - Gorification [HD]/gore - flesh guts gore impact blood squirt wet - medium - 104.wav,"combat,ui_feedback",Hold/Gore,VisceralGore,Assets/ThirdParty/Sonniss/NeedsReview/VisceralGore/2015/Timothy McHugh - Gorification [H-5daa2c/gore - flesh guts gore impact blood squirt wet - medium - 104.wav,446828,1be7fc485883a0eff7f550bbf70d877e84e0c8f879350917e644972b78485932,visceral/gore pack held for owner preference,
2015,sonniss.zip,Timothy McHugh - Gorification [HD],Timothy McHugh - Gorification [HD]/gore - large metal blade wet stab slash and remove from flesh - hard - 1.wav,"combat,survival_crafting",Hold/Gore,VisceralGore,Assets/ThirdParty/Sonniss/NeedsReview/VisceralGore/2015/Timothy McHugh - Gorification [H-5daa2c/gore - large metal blade wet stab slash and remove from flesh - hard - 1.wav,924828,d51c6f8bdc82eb215294c7ec9911a8b427294b1e409235c9766331972037bbd9,visceral/gore pack held for owner preference,
2015,sonniss.zip,Timothy McHugh - Gorification [HD],Timothy McHugh - Gorification [HD]/gore - flesh guts gore movements wet - 22.wav,movement_foley,Hold/Gore,VisceralGore,Assets/ThirdParty/Sonniss/NeedsReview/VisceralGore/2015/Timothy McHugh - Gorification [H-5daa2c/gore - flesh guts gore movements wet - 22.wav,909804,111263829e555ab7da3a6601cb8879246cc41d4290be5e539fce52c3418996a0,visceral/gore pack held for owner preference,
2015,sonniss.zip,Timothy McHugh - Gorification [HD],Timothy McHugh - Gorification [HD]/gore - large metal knife ring - 8.wav,survival_crafting,Hold/Gore,VisceralGore,Assets/ThirdParty/Sonniss/NeedsReview/VisceralGore/2015/Timothy McHugh - Gorification [H-5daa2c/gore - large metal knife ring - 8.wav,672652,51bdaa01a71fd06c55c58b1840457c97fd36776d615957508a03dfe57a2dbadb,visceral/gore pack held for owner preference,
2015,sonniss.zip,Timothy McHugh - Gorification [HD],Timothy McHugh - Gorification [HD]/gore - small metal blade flesh movement with rip and gouge wet - 1.wav,"combat,survival_crafting,movement_foley",Hold/Gore,VisceralGore,Assets/ThirdParty/Sonniss/NeedsReview/VisceralGore/2015/Timothy McHugh - Gorification [H-5daa2c/gore - small metal blade flesh movement with rip and gouge wet - 1.wav,379340,6626bd5346b4f8258eeedd9029da009d516076f054369a3da6c708444b151e88,visceral/gore pack held for owner preference,
2015,sonniss.zip,Timothy McHugh - Gorification [HD],Timothy McHugh - Gorification [HD]/gore - flesh and bone crunch - hard - 5.wav,,Hold/Gore,VisceralGore,Assets/ThirdParty/Sonniss/NeedsReview/VisceralGore/2015/Timothy McHugh - Gorification [H-5daa2c/gore - flesh and bone crunch - hard - 5.wav,424892,ef4e1ee2ebfa5144e43fa610663130e79ec863cd878a5d3b624cd8512d9ec96c,visceral/gore pack held for owner preference,
2015,sonniss.zip,Timothy McHugh - Gorification [HD],Timothy McHugh - Gorification [HD]/gore - large metal knife muted ring - 13.wav,survival_crafting,Hold/Gore,VisceralGore,Assets/ThirdParty/Sonniss/NeedsReview/VisceralGore/2015/Timothy McHugh - Gorification [H-5daa2c/gore - large metal knife muted ring - 13.wav,244604,f5a129ce0ecad03a859f1164b581549197c481d9057240ed50599b1e408d6c2c,visceral/gore pack held for owner preference,
2015,sonniss.zip,Timothy McHugh - Gorification [HD],Timothy McHugh - Gorification [HD]/gore - flesh guts gore impact blood squirt wet - hard - 49.wav,"combat,ui_feedback",Hold/Gore,VisceralGore,Assets/ThirdParty/Sonniss/NeedsReview/VisceralGore/2015/Timothy McHugh - Gorification [H-5daa2c/gore - flesh guts gore impact blood squirt wet - hard - 49.wav,1239868,4afd7960fa79c827641d9a6aaa601b2cb34922cb06a8cf5907d73746affc0718,visceral/gore pack held for owner preference,
2015,sonniss.zip,Timothy McHugh - Gorification [HD],Timothy McHugh - Gorification [HD]/gore - metal knife swing - 17.wav,"combat,survival_crafting",Hold/Gore,VisceralGore,Assets/ThirdParty/Sonniss/NeedsReview/VisceralGore/2015/Timothy McHugh - Gorification [H-5daa2c/gore - metal knife swing - 17.wav,105948,5c27bbf7e280966eaa238e7d4f7e93c0a8cdac6db497a0c7ceca0b2236e818f0,visceral/gore pack held for owner preference,
2016,Sonniss.com - GDC 2016- Game Audio Bundle Part 2of6.zip,Game Audio Factory - GAFSFX01 - Dark Materials,"Game Audio Factory - GAFSFX01 - Dark Materials/GAF SFX01 - HORROR - Guts flowed on wood surface, light.wav",survival_crafting,SurvivalCrafting,SurvivalCrafting,"Assets/ThirdParty/Sonniss/NeedsReview/SurvivalCrafting/2016/Game Audio Factory - GAFSFX01 --dce04d/GAF SFX01 - HORROR - Guts flowed on wood surface, light.wav",4493902,20e8bfff9e4dfc5a2306a5cc5d7bd561f89fda445dac7d27feacf449280ac91a,visceral/gore content held pending owner preference,
2016,Sonniss.com - GDC 2016- Game Audio Bundle Part 2of6.zip,MatiasMacSD - INFECTED ZONE,MatiasMacSD - INFECTED ZONE/BiteCreakBloodJuicy_002.wav,ui_feedback,UI,UI,Assets/ThirdParty/Sonniss/NeedsReview/UI/2016/MatiasMacSD - INFECTED ZONE-0f28cd/BiteCreakBloodJuicy_002.wav,2476708,e849ab6b06746bd302e60d25907defa84d2d45efdf4c895713905ea5a2ae7cee,visceral/gore content held pending owner preference,
2016,Sonniss.com - GDC 2016- Game Audio Bundle Part 2of6.zip,MatiasMacSD - INFECTED ZONE,MatiasMacSD - INFECTED ZONE/BloodDrips.wav,,World,World,Assets/ThirdParty/Sonniss/NeedsReview/World/2016/MatiasMacSD - INFECTED ZONE-0f28cd/BloodDrips.wav,4931168,5db7945811e79d75074b6eb41743534b656079678267ddf825478351858fa673,visceral/gore content held pending owner preference,
2016,Sonniss.com - GDC 2016- Game Audio Bundle Part 5of6.zip,ShapingWaves -  STETHOSCOPE,ShapingWaves -  STETHOSCOPE/SW002_Stethoscope_Chest_Heart_Heartbeat_Blood_Flow_A.wav,"survival_crafting,world_ambience",SurvivalCrafting,SurvivalCrafting,Assets/ThirdParty/Sonniss/NeedsReview/SurvivalCrafting/2016/ShapingWaves - STETHOSCOPE-964fa8/SW002_Stethoscope_Chest_Heart_Heartbeat_Blood_Flow_A.wav,18228668,20e29eeccca81f36343d3b4660bdff9b69258ca0dad8104efdbbbecd871400bf,visceral/gore content held pending owner preference,
2016,Sonniss.com - GDC 2016- Game Audio Bundle Part 5of6.zip,SoundBits -  Just Gore _ Add On,SoundBits -  Just Gore _ Add On/Blood-Squeeze_Drip_045.wav,,Hold/Gore,VisceralGore,Assets/ThirdParty/Sonniss/NeedsReview/VisceralGore/2016/SoundBits - Just Gore _ Add On-c904e9/Blood-Squeeze_Drip_045.wav,1256270,dcbab987a0affab8edd0d431429374767c10700e1e2331183ab827f17fe12f9b,visceral/gore pack held for owner preference,
2016,Sonniss.com - GDC 2016- Game Audio Bundle Part 5of6.zip,SoundBits -  Just Gore _ Add On,SoundBits -  Just Gore _ Add On/Crunch_Rip_024.wav,,Hold/Gore,VisceralGore,Assets/ThirdParty/Sonniss/NeedsReview/VisceralGore/2016/SoundBits - Just Gore _ Add On-c904e9/Crunch_Rip_024.wav,703426,1ca46fa0ee7e644a4cdf0309290efd850ae2a07728ad02ab95febef775b3903a,visceral/gore pack held for owner preference,
2016,Sonniss.com - GDC 2016- Game Audio Bundle Part 5of6.zip,SoundBits -  Just Gore _ Add On,SoundBits -  Just Gore _ Add On/Splatter_Splat_153.wav,,Hold/Gore,VisceralGore,Assets/ThirdParty/Sonniss/NeedsReview/VisceralGore/2016/SoundBits - Just Gore _ Add On-c904e9/Splatter_Splat_153.wav,511114,fd89da542cd74508b312a881299fb1331f73e2488be1eb0a17c11f3023d8b4e8,visceral/gore pack held for owner preference,
2016,Sonniss.com - GDC 2016- Game Audio Bundle Part 5of6.zip,SoundBits -  Just Gore _ Add On,SoundBits -  Just Gore _ Add On/Stab_Punch_Hit_136.wav,combat,Hold/Gore,VisceralGore,Assets/ThirdParty/Sonniss/NeedsReview/VisceralGore/2016/SoundBits - Just Gore _ Add On-c904e9/Stab_Punch_Hit_136.wav,159390,2af3adc1aabb1730b66724fe4ddb09023b620af40fc2094d4243b802e7c26a0d,visceral/gore pack held for owner preference,
2016,Sonniss.com - GDC 2016- Game Audio Bundle Part 5of6.zip,SoundBits -  Just Gore p Add On,SoundBits -  Just Gore p Add On/Blood-Squeeze_Drip_045.wav,,Hold/Gore,VisceralGore,Assets/ThirdParty/Sonniss/NeedsReview/VisceralGore/2016/SoundBits - Just Gore _ Add On-c904e9/Blood-Squeeze_Drip_045.wav,1256270,dcbab987a0affab8edd0d431429374767c10700e1e2331183ab827f17fe12f9b,visceral/gore pack held for owner preference,Assets/ThirdParty/Sonniss/NeedsReview/VisceralGore/2016/SoundBits - Just Gore _ Add On-c904e9/Blood-Squeeze_Drip_045.wav
2016,Sonniss.com - GDC 2016- Game Audio Bundle Part 5of6.zip,SoundBits -  Just Gore p Add On,SoundBits -  Just Gore p Add On/Crunch_Rip_024.wav,,Hold/Gore,VisceralGore,Assets/ThirdParty/Sonniss/NeedsReview/VisceralGore/2016/SoundBits - Just Gore _ Add On-c904e9/Crunch_Rip_024.wav,703426,1ca46fa0ee7e644a4cdf0309290efd850ae2a07728ad02ab95febef775b3903a,visceral/gore pack held for owner preference,Assets/ThirdParty/Sonniss/NeedsReview/VisceralGore/2016/SoundBits - Just Gore _ Add On-c904e9/Crunch_Rip_024.wav
2016,Sonniss.com - GDC 2016- Game Audio Bundle Part 5of6.zip,SoundBits -  Just Gore p Add On,SoundBits -  Just Gore p Add On/Splatter_Splat_153.wav,,Hold/Gore,VisceralGore,Assets/ThirdParty/Sonniss/NeedsReview/VisceralGore/2016/SoundBits - Just Gore _ Add On-c904e9/Splatter_Splat_153.wav,511114,fd89da542cd74508b312a881299fb1331f73e2488be1eb0a17c11f3023d8b4e8,visceral/gore pack held for owner preference,Assets/ThirdParty/Sonniss/NeedsReview/VisceralGore/2016/SoundBits - Just Gore _ Add On-c904e9/Splatter_Splat_153.wav
2016,Sonniss.com - GDC 2016- Game Audio Bundle Part 5of6.zip,SoundBits -  Just Gore p Add On,SoundBits -  Just Gore p Add On/Stab_Punch_Hit_136.wav,combat,Hold/Gore,VisceralGore,Assets/ThirdParty/Sonniss/NeedsReview/VisceralGore/2016/SoundBits - Just Gore _ Add On-c904e9/Stab_Punch_Hit_136.wav,159390,2af3adc1aabb1730b66724fe4ddb09023b620af40fc2094d4243b802e7c26a0d,visceral/gore pack held for owner preference,Assets/ThirdParty/Sonniss/NeedsReview/VisceralGore/2016/SoundBits - Just Gore _ Add On-c904e9/Stab_Punch_Hit_136.wav
2018,Sonniss.com - GDC 2018 - Game Audio Bundle Part 1of8.zip,Articulated Sounds - Bones & Blood - Gore Elements,Sonniss.com - GDC 2018 - Game Audio Bundle Part 1of8/Articulated Sounds - Bones & Blood - Gore Elements/GORE Crack bones crush and break with tension.wav,,Hold/Gore,VisceralGore,Assets/ThirdParty/Sonniss/NeedsReview/VisceralGore/2018/Articulated Sounds - Bones & Blo-1f69b4/GORE Crack bones crush and break with tension.wav,27526176,0cdc7e63766c29406150e98f7edb808a32e0d3d8b55fdd6d7d0075c496b839e7,visceral/gore pack held for owner preference,
2018,Sonniss.com - GDC 2018 - Game Audio Bundle Part 1of8.zip,Articulated Sounds - Bones & Blood - Gore Elements,Sonniss.com - GDC 2018 - Game Audio Bundle Part 1of8/Articulated Sounds - Bones & Blood - Gore Elements/GORE Impact stab dagger in bodyparts flesh.wav,combat,Hold/Gore,VisceralGore,Assets/ThirdParty/Sonniss/NeedsReview/VisceralGore/2018/Articulated Sounds - Bones & Blo-1f69b4/GORE Impact stab dagger in bodyparts flesh.wav,6840134,e3bb2ccdd33e91c8a250ee6cb1d39f453f0e18f06a284fb7d9ed7b41f25e8e75,visceral/gore pack held for owner preference,
2018,Sonniss.com - GDC 2018 - Game Audio Bundle Part 1of8.zip,Articulated Sounds - Bones & Blood - Gore Elements,Sonniss.com - GDC 2018 - Game Audio Bundle Part 1of8/Articulated Sounds - Bones & Blood - Gore Elements/GORE Squeeze flesh with squealing air pressure.wav,creatures_wildlife,Hold/Gore,VisceralGore,Assets/ThirdParty/Sonniss/NeedsReview/VisceralGore/2018/Articulated Sounds - Bones & Blo-1f69b4/GORE Squeeze flesh with squealing air pressure.wav,11374522,379a56faa8f4d421b78fbb4f6ee0f5978fa9c6c9b8e34415402f025005cd14b1,visceral/gore pack held for owner preference,
2018,Sonniss.com - GDC 2018 - Game Audio Bundle Part 1of8.zip,Articulated Sounds - Bones & Blood - Gore Elements,Sonniss.com - GDC 2018 - Game Audio Bundle Part 1of8/Articulated Sounds - Bones & Blood - Gore Elements/GORE Wriggle tortured squishy slime.wav,ui_feedback,Hold/Gore,VisceralGore,Assets/ThirdParty/Sonniss/NeedsReview/VisceralGore/2018/Articulated Sounds - Bones & Blo-1f69b4/GORE Wriggle tortured squishy slime.wav,25461064,36142d97c8f9d2abf25c892acacfd8005248f8bd676048dcb3a94a786a61b3a1,visceral/gore pack held for owner preference,
2018,Sonniss.com - GDC 2018 - Game Audio Bundle Part 5of8.zip,SoundMorph - Gore,Sonniss.com - GDC 2018 - Game Audio Bundle Part 5of8/SoundMorph - Gore/GORE - Blood_Splatter_Concrete_Small_4.wav,,Hold/Gore,VisceralGore,Assets/ThirdParty/Sonniss/NeedsReview/VisceralGore/2018/SoundMorph - Gore-0d816d/GORE - Blood_Splatter_Concrete_Small_4.wav,8372302,5a78d50178658710182160c8107736e31e0d5ac9489485caa12e5bea21e648db,visceral/gore pack held for owner preference,
2018,Sonniss.com - GDC 2018 - Game Audio Bundle Part 5of8.zip,SoundMorph - Gore,Sonniss.com - GDC 2018 - Game Audio Bundle Part 5of8/SoundMorph - Gore/GORE - Head_Explode_6.wav,,Hold/Gore,VisceralGore,Assets/ThirdParty/Sonniss/NeedsReview/VisceralGore/2018/SoundMorph - Gore-0d816d/GORE - Head_Explode_6.wav,1470570,7bceffc000402d303c1a5e0346f5a2188d6cc9c1784f091f9373c59865decb8a,visceral/gore pack held for owner preference,
2018,Sonniss.com - GDC 2018 - Game Audio Bundle Part 5of8.zip,SoundMorph - Gore,Sonniss.com - GDC 2018 - Game Audio Bundle Part 5of8/SoundMorph - Gore/GORE - WEAP - Disembowel_Gore_5.wav,combat,Hold/Gore,VisceralGore,Assets/ThirdParty/Sonniss/NeedsReview/VisceralGore/2018/SoundMorph - Gore-0d816d/GORE - WEAP - Disembowel_Gore_5.wav,2728412,ab9390ee91317951c0c284738a7e90c9b222c4e0abaab66e8a737a99ac59bd35,visceral/gore pack held for owner preference,
2018,Sonniss.com - GDC 2018 - Game Audio Bundle Part 5of8.zip,SoundMorph - Gore,Sonniss.com - GDC 2018 - Game Audio Bundle Part 5of8/SoundMorph - Gore/GORE - WEAP - Shovel_Whoosh_Impact_Gore_1.wav,combat,Hold/Gore,VisceralGore,Assets/ThirdParty/Sonniss/NeedsReview/VisceralGore/2018/SoundMorph - Gore-0d816d/GORE - WEAP - Shovel_Whoosh_Impact_Gore_1.wav,1890278,44d7978c0cc233c1731eb5409b5ac703a9b6ea6f7900a13e0c16cf97ae2291fb,visceral/gore pack held for owner preference,
2018,Sonniss.com - GDC 2018 - Game Audio Bundle Part 6of8.zip,Soundreorganized - Ambisonic Forest - Spring,Sonniss.com - GDC 2018 - Game Audio Bundle Part 6of8/Soundreorganized - Ambisonic Forest - Spring/Forest_Spring_Afternoon_CloseToField_MediumToStrongWind_SqueakyTree_Birds_Tit_Amb_Atmo_FuMa.wav,"creatures_wildlife,survival_crafting,world_ambience",Hold/Ambience,World,Assets/ThirdParty/Sonniss/NeedsReview/World/2018/Soundreorganized - Ambisonic For-a28929/Forest_Spring_Afternoon_CloseToField_MediumToStrongWind_SqueakyTree_Birds_Tit_Amb_Atmo_FuMa.wav,798871594,073109bffee173aee4bda0ba1af47ca6c24d36915cc5ad6ce8a43ee117f29ddb,large duplicate long-form ambience held to protect local disk space,
2018,Sonniss.com - GDC 2018 - Game Audio Bundle Part 6of8.zip,Soundreorganized - Ambisonic Forest - Spring,Sonniss.com - GDC 2018 - Game Audio Bundle Part 6of8/Soundreorganized - Ambisonic Forest - Spring/Forest_Spring_Afternoon_Snowing_LightWind_SmallTrees_Birch_ActiveBirds_Amb_Atmo_Stereo.wav,"creatures_wildlife,survival_crafting,world_ambience",Hold/Ambience,World,Assets/ThirdParty/Sonniss/NeedsReview/World/2018/Soundreorganized - Ambisonic For-a28929/Forest_Spring_Afternoon_Snowing_LightWind_SmallTrees_Birch_ActiveBirds_Amb_Atmo_Stereo.wav,368670090,aed7b05100c196bd1a1a2eeeff414b85104aecd87e84a67b1e6fa84c7903c702,large duplicate long-form ambience held to protect local disk space,
2018,Sonniss.com - GDC 2018 - Game Audio Bundle Part 6of8.zip,Soundreorganized - Ambisonic Forest - Spring,Sonniss.com - GDC 2018 - Game Audio Bundle Part 6of8/Soundreorganized - Ambisonic Forest - Spring/Forest_Spring_Evening_CloseToField_OpenArea_LightWind_Birds_Amb_Atmo_FuMa.wav,"creatures_wildlife,world_ambience",Hold/Ambience,World,Assets/ThirdParty/Sonniss/NeedsReview/World/2018/Soundreorganized - Ambisonic For-a28929/Forest_Spring_Evening_CloseToField_OpenArea_LightWind_Birds_Amb_Atmo_FuMa.wav,784218116,50351c54f4df901fc323805d5971084350190603dd8e48fc8c1470ac153e9d4f,large duplicate long-form ambience held to protect local disk space,
2018,Sonniss.com - GDC 2018 - Game Audio Bundle Part 6of8.zip,Soundreorganized - Ambisonic Forest - Summer,Sonniss.com - GDC 2018 - Game Audio Bundle Part 6of8/Soundreorganized - Ambisonic Forest - Summer/Forest_Summer_LightWind_Cuckoo_Bees_BirdsCloseBy_Willowwarbler_Stereo.wav,"creatures_wildlife,world_ambience",Hold/Ambience,World,Assets/ThirdParty/Sonniss/NeedsReview/World/2018/Soundreorganized - Ambisonic For-46b161/Forest_Summer_LightWind_Cuckoo_Bees_BirdsCloseBy_Willowwarbler_Stereo.wav,267782270,9089e823da55e1e6386c2aed9250ecc7496ad9fe3bde9660b616816b3019e523,large duplicate long-form ambience held to protect local disk space,
2018,Sonniss.com - GDC 2018 - Game Audio Bundle Part 6of8.zip,Soundreorganized - Ambisonic Forest - Summer,Sonniss.com - GDC 2018 - Game Audio Bundle Part 6of8/Soundreorganized - Ambisonic Forest - Summer/Forest_Summer_Morning_ActiveBirds_Woodpecker_Owl_Willowwarbler_AmbiX.wav,"creatures_wildlife,survival_crafting,world_ambience",Hold/Ambience,World,Assets/ThirdParty/Sonniss/NeedsReview/World/2018/Soundreorganized - Ambisonic For-46b161/Forest_Summer_Morning_ActiveBirds_Woodpecker_Owl_Willowwarbler_AmbiX.wav,608793136,b19fd4b854adbace7d82eb7c6709fb26bc1bc628be1c7d5acfa0ca7f5365587f,large duplicate long-form ambience held to protect local disk space,
2018,Sonniss.com - GDC 2018 - Game Audio Bundle Part 6of8.zip,Soundreorganized - Ambisonic Forest - Summer,Sonniss.com - GDC 2018 - Game Audio Bundle Part 6of8/Soundreorganized - Ambisonic Forest - Summer/Forest_Summer_Sunrise_NearLake_LightWind_Birds_GreatTit_Swan_Woodpecker_FuMa.wav,"creatures_wildlife,survival_crafting,world_ambience",Hold/Ambience,World,Assets/ThirdParty/Sonniss/NeedsReview/World/2018/Soundreorganized - Ambisonic For-46b161/Forest_Summer_Sunrise_NearLake_LightWind_Birds_GreatTit_Swan_Woodpecker_FuMa.wav,402228498,ff4c5f6007cfa1487789b90064a7b0e199f2a4c71be4a37172c12ca459f65bc2,large duplicate long-form ambience held to protect local disk space,
2018,Sonniss.com - GDC 2018 - Game Audio Bundle Part 8of8.zip,VSCRL FX - The Snow,Sonniss.com - GDC 2018 - Game Audio Bundle Part 8of8/VSCRL FX - The Snow/EXT_Day_Snow_Hill_FastSledBys_Walla_Laughter_Playing_AmbiX.wav,world_ambience,Hold/Ambience,World,Assets/ThirdParty/Sonniss/NeedsReview/World/2018/VSCRL FX - The Snow-f12850/EXT_Day_Snow_Hill_FastSledBys_Walla_Laughter_Playing_AmbiX.wav,127096090,a502b13e8fd5eaa834f81cc142390c75199ad5f205ce4d9f5fc3a28f02b6ec6a,large duplicate long-form ambience held to protect local disk space,
2018,Sonniss.com - GDC 2018 - Game Audio Bundle Part 8of8.zip,VSCRL FX - The Snow,Sonniss.com - GDC 2018 - Game Audio Bundle Part 8of8/VSCRL FX - The Snow/EXT_Day_Snow_SkiLiftEntrance_ChairliftHumClose_SporadicDistinctVoices_7.1.wav,world_ambience,Hold/Ambience,World,Assets/ThirdParty/Sonniss/NeedsReview/World/2018/VSCRL FX - The Snow-f12850/EXT_Day_Snow_SkiLiftEntrance_ChairliftHumClose_SporadicDistinctVoices_7.1.wav,501053336,90f28fa4028d6e081772d7162c0028d6fd539b2b7f16ece426d4f8313d0b634a,large duplicate long-form ambience held to protect local disk space,
2018,Sonniss.com - GDC 2018 - Game Audio Bundle Part 8of8.zip,VSCRL FX - The Snow,Sonniss.com - GDC 2018 - Game Audio Bundle Part 8of8/VSCRL FX - The Snow/EXT_Day_Snow_SkiSlope_MidSlope_MediumToCloseSkiAndSnowboardBys_MediumSpeed_HeavyWalla_5.1.wav,"creatures_wildlife,world_ambience",Hold/Ambience,World,Assets/ThirdParty/Sonniss/NeedsReview/World/2018/VSCRL FX - The Snow-f12850/EXT_Day_Snow_SkiSlope_MidSlope_MediumToCloseSkiAndSnowboardBys_MediumSpeed_HeavyWalla_5.1.wav,364579770,024d1c782f2d3f29408a2cf7d7e679dc53f7a3c5c6847cb6f6ec56e865b6980f,large duplicate long-form ambience held to protect local disk space,
2018,Sonniss.com - GDC 2018 - Game Audio Bundle Part 8of8.zip,VSCRL FX - The Snow,Sonniss.com - GDC 2018 - Game Audio Bundle Part 8of8/VSCRL FX - The Snow/EXT_Sunset_Mountain_DistantHighway_DistantRiver_SteadyWind_Stereo.wav,world_ambience,Hold/Ambience,World,Assets/ThirdParty/Sonniss/NeedsReview/World/2018/VSCRL FX - The Snow-f12850/EXT_Sunset_Mountain_DistantHighway_DistantRiver_SteadyWind_Stereo.wav,92717202,a30aa7f7ada736581114aff1863e6064d62c7b9954a7b30d24aaea18ea155ce4,large duplicate long-form ambience held to protect local disk space,
2019,Sonniss.com - GDC 2019 - Game Audio Bundle Part 2of8.zip,MatiasMacSD - Mutation,Sonniss.com - GDC 2019 - Game Audio Bundle Part 2of8/MatiasMacSD - Mutation/Fx_Mutation_Small Creature_Blood_Flesh-03.wav,"creatures_wildlife,survival_crafting",Creatures,Creatures,Assets/ThirdParty/Sonniss/NeedsReview/Creatures/2019/MatiasMacSD - Mutation-05cd3d/Fx_Mutation_Small Creature_Blood_Flesh-03.wav,20368180,95b20bf22c1f559ba020ada12570214e9cc87f281906cd892e1d7fd0be7c733c,visceral/gore content held pending owner preference,
2019,Sonniss.com - GDC 2019 - Game Audio Bundle Part 2of8.zip,Fox Audio Post-Production - Vegetable Murder – Crush & Crunch,Sonniss.com - GDC 2019 - Game Audio Bundle Part 2of8/Fox Audio Post-Production - Vegetable Murder – Crush & Crunch/Pepper_Crush_06.wav,creatures_wildlife,Hold/Gore,VisceralGore,Assets/ThirdParty/Sonniss/NeedsReview/VisceralGore/2019/Fox Audio Post-Production - Vege-b16eab/Pepper_Crush_06.wav,3206622,53289d2c904e55cba6876eb4aaea284723cf6ee91dab2e8c1cf48f502e78f228,visceral/gore pack held for owner preference,
2019,Sonniss.com - GDC 2019 - Game Audio Bundle Part 2of8.zip,Fox Audio Post-Production - Vegetable Murder – Crush & Crunch,Sonniss.com - GDC 2019 - Game Audio Bundle Part 2of8/Fox Audio Post-Production - Vegetable Murder – Crush & Crunch/Celery_Crunch_13.wav,creatures_wildlife,Hold/Gore,VisceralGore,Assets/ThirdParty/Sonniss/NeedsReview/VisceralGore/2019/Fox Audio Post-Production - Vege-b16eab/Celery_Crunch_13.wav,2529530,5fe7f9ec30fa8eeb549054788bd473968c45c468e517e879f352c56f6c6f61c4,visceral/gore pack held for owner preference,
2019,Sonniss.com - GDC 2019 - Game Audio Bundle Part 2of8.zip,Coll Anderson - Music Drive Bys,Sonniss.com - GDC 2019 - Game Audio Bundle Part 2of8/Coll Anderson - Music Drive Bys/EFX EXT Music Car By 30 MPH Blood In 03.wav,,World,World,Assets/ThirdParty/Sonniss/NeedsReview/World/2019/Coll Anderson - Music Drive Bys-486f79/EFX EXT Music Car By 30 MPH Blood In 03.wav,16526216,b46038947c598401678ba0bc5553f2eba098436c4be00533bb5af8d4089f4240,visceral/gore content held pending owner preference,
2019,Sonniss.com - GDC 2019 - Game Audio Bundle Part 3of8.zip,PMSFX - BLOODBATH,Sonniss.com - GDC 2019 - Game Audio Bundle Part 3of8/PMSFX - BLOODBATH/PM_BB_CLEAN_STABS_20.wav,,Hold/Gore,VisceralGore,Assets/ThirdParty/Sonniss/NeedsReview/VisceralGore/2019/PMSFX - BLOODBATH-eca586/PM_BB_CLEAN_STABS_20.wav,1816848,242d28b47d20b19ac9c8fecea9a4e4a67c7cd9b1441f1b8a9a4d2a4dcd7c24f1,visceral/gore pack held for owner preference,
2019,Sonniss.com - GDC 2019 - Game Audio Bundle Part 3of8.zip,PMSFX - BLOODBATH,Sonniss.com - GDC 2019 - Game Audio Bundle Part 3of8/PMSFX - BLOODBATH/PM_BB_DESIGNED_CINEMATIC_CHOPS_19.wav,survival_crafting,Hold/Gore,VisceralGore,Assets/ThirdParty/Sonniss/NeedsReview/VisceralGore/2019/PMSFX - BLOODBATH-eca586/PM_BB_DESIGNED_CINEMATIC_CHOPS_19.wav,1849576,8c22e163e1a5166d1a23a4f08226351b4ff94f42aba8a367729919fe3b05de4e,visceral/gore pack held for owner preference,
2019,Sonniss.com - GDC 2019 - Game Audio Bundle Part 3of8.zip,PMSFX - BLOODBATH,Sonniss.com - GDC 2019 - Game Audio Bundle Part 3of8/PMSFX - BLOODBATH/PM_BB_DESIGNED_CINEMATIC_TEXTURE_FLESH_GUSH_1.wav,,Hold/Gore,VisceralGore,Assets/ThirdParty/Sonniss/NeedsReview/VisceralGore/2019/PMSFX - BLOODBATH-eca586/PM_BB_DESIGNED_CINEMATIC_TEXTURE_FLESH_GUSH_1.wav,36376380,67caa19e61ba87a64a82a371d0c68905186bca209cd4b0ee7aba6e7348895f63,visceral/gore pack held for owner preference,
2019,Sonniss.com - GDC 2019 - Game Audio Bundle Part 3of8.zip,PMSFX - BLOODBATH,Sonniss.com - GDC 2019 - Game Audio Bundle Part 3of8/PMSFX - BLOODBATH/PM_BB_DESIGNED_CINEMATIC_CHOPS_25.wav,survival_crafting,Hold/Gore,VisceralGore,Assets/ThirdParty/Sonniss/NeedsReview/VisceralGore/2019/PMSFX - BLOODBATH-eca586/PM_BB_DESIGNED_CINEMATIC_CHOPS_25.wav,1273576,39452c7f3d7760c571cfca2909b64444ca619f0c5c7afd442646f741df3216a5,visceral/gore pack held for owner preference,
2019,Sonniss.com - GDC 2019 - Game Audio Bundle Part 5of8.zip,Sound Spark LLC – Gore,Sonniss.com - GDC 2019 - Game Audio Bundle Part 5of8/Sound Spark LLC – Gore/Attack_Gore_Flesh_Rip_01.wav,,Hold/Gore,VisceralGore,Assets/ThirdParty/Sonniss/NeedsReview/VisceralGore/2019/Sound Spark LLC – Gore-7ed1f7/Attack_Gore_Flesh_Rip_01.wav,695262,0f3b45ec72f633cd046b4f96d25cda5eb944ffce40cbcfe54e6faaee1efc1c48,visceral/gore pack held for owner preference,
2019,Sonniss.com - GDC 2019 - Game Audio Bundle Part 5of8.zip,Sound Spark LLC – Gore,Sonniss.com - GDC 2019 - Game Audio Bundle Part 5of8/Sound Spark LLC – Gore/Melee_Deep_Wound_05.wav,combat,Hold/Gore,VisceralGore,Assets/ThirdParty/Sonniss/NeedsReview/VisceralGore/2019/Sound Spark LLC – Gore-7ed1f7/Melee_Deep_Wound_05.wav,1607318,f68bcd9c59704a21c9c407e50cfe85461ca724a080ae7c548a5c552e862fd5a9,visceral/gore pack held for owner preference,
2019,Sonniss.com - GDC 2019 - Game Audio Bundle Part 5of8.zip,Sound Spark LLC – Gore,Sonniss.com - GDC 2019 - Game Audio Bundle Part 5of8/Sound Spark LLC – Gore/Smash_Gore_Juicy_Smash_07.wav,ui_feedback,Hold/Gore,VisceralGore,Assets/ThirdParty/Sonniss/NeedsReview/VisceralGore/2019/Sound Spark LLC – Gore-7ed1f7/Smash_Gore_Juicy_Smash_07.wav,523572,4c1bb1491520e82ba72af9ebdf84f8031f05e22d57cd127d4c472fdeb91ab3e0,visceral/gore pack held for owner preference,
2019,Sonniss.com - GDC 2019 - Game Audio Bundle Part 5of8.zip,Sound Spark LLC – Gore,Sonniss.com - GDC 2019 - Game Audio Bundle Part 5of8/Sound Spark LLC – Gore/Melee_Sword_Attack_04.wav,combat,Hold/Gore,VisceralGore,Assets/ThirdParty/Sonniss/NeedsReview/VisceralGore/2019/Sound Spark LLC – Gore-7ed1f7/Melee_Sword_Attack_04.wav,796996,77e022f2123c679700e186f21e89d653ea57aba44c72c0e1ef6a1a0fcdf3da52,visceral/gore pack held for owner preference,
2019,Sonniss.com - GDC 2019 - Game Audio Bundle Part 7of8.zip,2496SoundEffects - Rain in the City,Sonniss.com - GDC 2019 - Game Audio Bundle Part 7of8/2496SoundEffects - Rain in the City/Rain On Concrete In Alley Splattering Dripping .wav,world_ambience,World,World,Assets/ThirdParty/Sonniss/NeedsReview/World/2019/2496SoundEffects - Rain in the C-12f85e/Rain On Concrete In Alley Splattering Dripping.wav,39954922,a3812a0bb6aacf8bdfc074d8b295ba69790477c581b719aa0d29a35371dee004,visceral/gore content held pending owner preference,
